Family Issues ,Sleep Problems ,Financial Problems 
family,sleep,debt
parents,insomnia,loan
siblings,night,money
home,tired,loss
relationship,fatigue,shortage
love,nap,budget
support,dream,expense
bonding,rest,income
conflict,bedtime,savings
communication,drowsiness,investment
trust,relaxation,financial crisis
connection,nightmare,bankruptcy
unity,sleepiness,paycheck
care,snooze,credit
understanding,exhaustion,mortgage
responsibility,tranquility,wealth
commitment,bedroom,poverty
joy,pillow,stress
laughter,comfort,financial planning
celebration,blanket,currency
disagreement,yawn,recession
harmony,circadian rhythm,economy
affection,nighttime,poverty line
togetherness,dreams,assets
separation,slumber,foreclosure
parenting,drowsy,credit score
generation,restless,fiscal
upbringing,siesta,bankruptcy
heritage,sleep cycle,dividends
sibling rivalry,sleep disorder,frugal
extended family,pillow talk,bankruptcy
bonding time,lucid dream,currency exchange
home life,daydreaming,financial statement
family tree,sleep therapy,retirement
kinship,snoring,bankruptcy
sibling bonds,nightfall,revenue
family dynamics,drowsiness,tax deduction
family values,sleep aid,savings account
parenting style,nap time,inflation
family traditions,deep sleep,liability
emotional support,sleep patterns,economic growth
family bond,insomnia cure,debt relief
nurturing,bedtime story,portfolio
family ties,insomnia,financial advisor
closeness,night,recession
family structure,tired,mortgage rate
family gathering,fatigue,monetary
sibling love,nap,fund
family unity,dream,financial literacy
quality time,rest,expenditure
sibling support,bedtime,monetary
,snooze,budget
,exhaustion,expense
,tranquility,income
,bedroom,savings
,pillow,investment
,comfort,financial crisis
,blanket,paycheck
,yawn,credit
,,mortgage
,,wealth
,,poverty
,,stress
,,financial planning
,,currency
,,recession